variable,count,mean,std,min,25%,50%,75%,max,original
dummy1,1000.0,0.0003036450449837092,0.010137536416718756,-0.0323584170479617,-0.006963969892189,0.00044053519674045,0.007581843365592275,0.0309660477711307,-0.010710810310481
dummy2,1000.0,0.0002165734768459797,0.01052754815100961,-0.0332152333536793,-0.00715836561799805,0.00012744985091276835,0.007932754869098124,0.0438956829953424,-0.0038650734361916
x1,1000.0,-0.02217379061487249,3.0847727555546944,-10.911075320647363,-2.123301592840844,-0.1104187582304265,1.9602196739871107,28.20513953938793,28.20513953938793
x2,1000.0,0.013883410701008075,8.028962786046096,-24.971950039980044,-4.933555557775007,0.17032406735463584,5.101517109008767,75.0528830622711,75.0528830622711
x3,1000.0,0.011075282768187901,1.9611794220075238,-5.691735343115492,-1.2939442845100384,0.0252243857482733,1.2690708374790545,17.753385852836207,17.753385852836207
